task_type,question,time_stamp,answer,options,temporal_clue_type,question_id,frames_required
Sequential Question Answering,What is the person in the center of the video wearing?,00:00:09,A,"['A black jacket over a white shirt.', 'A navy blue jacket over a gray shirt.', 'A dark brown jacket over a white shirt.', 'A black sweater over a white t-shirt.']",Prior,Sequential_Question_Answering_sample_1_1,multiple
Sequential Question Answering,Who is the person mentioned in the previous question interacting with right now?,00:00:26,C,"['A bald man wearing round glasses and a light-colored blazer over a dark shirt.', 'A woman with long blonde hair wearing a dark-colored top.', 'A man with short dark hair and wear a dark-colored shirt.', 'A woman with long blonde hair wearing a strapless, patterned dress.']",Prior,Sequential_Question_Answering_sample_1_2,multiple
Sequential Question Answering,What actions did the two individuals mentioned in the previous question just take?,00:04:33,B,"['They exchanged a nod.', 'They bumped fists.', 'They shook hands.', 'They gave each other a high-five.']",Prior,Sequential_Question_Answering_sample_1_3,multiple
Sequential Question Answering,What is the current outfit of the man mentioned in the first question?,00:05:32,B,"['A light-colored shirt and dark-colored pants.', 'A dark-colored shirt and light-colored pants', 'A dark-colored jacket and jeans.', 'A light-colored sweater and khaki shorts.']",Prior,Sequential_Question_Answering_sample_1_4,multiple
Sequential Question Answering,What is the person mentioned in the previous question holding in their hand right now?,00:09:06,C,"['A black picture frame with white edges, containing three playing cards.', 'A white picture frame with silver edges, containing five playing cards.', 'A white picture frame with black edges, containing four playing cards.', 'A wooden picture frame with gold edges, containing four photographs.']",Prior,Sequential_Question_Answering_sample_1_5,multiple
Sequential Question Answering,What number jersey is the player holding the ball wearing now?,00:00:34,A,"['25.', '24.', '19.', '7.']",Prior,Sequential_Question_Answering_sample_2_1,multiple
Sequential Question Answering,To which jersey number did the player mentioned in the previous question just pass the ball?,00:00:38,C,"['9.', '18.', '17.', '25.']",Prior,Sequential_Question_Answering_sample_2_2,multiple
Sequential Question Answering,To which jersey number did the player who received the pass in the previous question just pass the ball?,00:02:57,B,"['17.', '16.', '9.', '18.']",Prior,Sequential_Question_Answering_sample_2_3,multiple
Sequential Question Answering,"In the previous question, the player who received the pass just assisted the player wearing which jersey number to score?",00:03:13,B,"['17.', '9.', '16.', '18.']",Prior,Sequential_Question_Answering_sample_2_4,multiple
Sequential Question Answering,What did the player who received the pass in the previous question just do?,00:06:42,C,"['He took a shot with his right foot.', 'He passed the ball with his left foot.', 'He scored with his left foot.', 'He dribbled past the goolkeeper.']",Prior,Sequential_Question_Answering_sample_2_5,multiple
Sequential Question Answering,Who is preparing to serve the ball now?,00:01:22,A,"['Ma Long.', 'Fan Zhengdong.', 'Xu xin.', 'Ma Lin.']",Prior,Sequential_Question_Answering_sample_3_1,multiple
Sequential Question Answering,How much game score has the person mentioned in the last question scored now?,00:02:34,C,"['2.', '1.', '0.', '3.']",Prior,Sequential_Question_Answering_sample_3_2,multiple
Sequential Question Answering,How much game score has the opponent of the person mentioned in the previous question scored now?,00:03:48,B,"['0.', '2.', '1.', '3.']",Prior,Sequential_Question_Answering_sample_3_3,multiple
Sequential Question Answering,How much game score does the person mentioned in the first question have now?,00:04:37,B,"['3.', '4.', '2.', '1.']",Prior,Sequential_Question_Answering_sample_3_4,multiple
Sequential Question Answering,How much game score has the person mentioned in the third question scored now?,00:05:44,C,"['5.', '4.', '3.', '2.']",Prior,Sequential_Question_Answering_sample_3_5,multiple
Sequential Question Answering,Who is preparing to serve the ball now?,00:00:28,B,"['Ma Long.', 'Fan Z.D.', 'Xu xin.', 'Ma Lin.']",Prior,Sequential_Question_Answering_sample_4_1,multiple
Sequential Question Answering,How much game score has the person mentioned in the last question scored now?,00:02:18,C,"['2.', '1.', '7.', '8.']",Prior,Sequential_Question_Answering_sample_4_2,multiple
Sequential Question Answering,How much game score has the opponent of the person mentioned in the previous question scored now?,00:03:48,B,"['1.', '8.', '9.', '2.']",Prior,Sequential_Question_Answering_sample_4_3,multiple
Sequential Question Answering,How much game score does the person mentioned in the first question have now?,00:04:49,B,"['3.', '10.', '9.', '1.']",Prior,Sequential_Question_Answering_sample_4_4,multiple
Sequential Question Answering,How much game score has the person mentioned in the third question scored now?,00:06:33,C,"['5.', '4.', '2.', '3.']",Prior,Sequential_Question_Answering_sample_4_5,multiple
Sequential Question Answering,Who is preparing to serve the ball now?,00:01:48,A,"['Ma Long.', 'Fan Zhengdong.', 'Xu xin.', 'Ma Lin.']",Prior,Sequential_Question_Answering_sample_5_1,multiple
Sequential Question Answering,How much game score has the person mentioned in the last question scored now?,00:02:20,C,"['2.', '1.', '6.', '5.']",Prior,Sequential_Question_Answering_sample_5_2,multiple
Sequential Question Answering,How much game score has the opponent of the person mentioned in the previous question scored now?,00:03:48,B,"['1.', '6.', '7.', '3.']",Prior,Sequential_Question_Answering_sample_5_3,multiple
Sequential Question Answering,How much game score does the person mentioned in the first question have now?,00:04:37,B,"['3.', '8.', '7.', '1.']",Prior,Sequential_Question_Answering_sample_5_4,multiple
Sequential Question Answering,How much game score has the person mentioned in the third question scored now?,00:05:44,C,"['1.', '3.', '9.', '8.']",Prior,Sequential_Question_Answering_sample_5_5,multiple
Sequential Question Answering,Who is preparing to serve the ball now?,00:01:15,A,"['Ma Long.', 'Fan Zhengdong.', 'Xu xin.', 'Ma Lin.']",Prior,Sequential_Question_Answering_sample_6_1,multiple
Sequential Question Answering,How much game score has the person mentioned in the last question scored now?,00:02:34,C,"['2.', '9.', '10.', '8.']",Prior,Sequential_Question_Answering_sample_6_2,multiple
Sequential Question Answering,How much game score has the opponent of the person mentioned in the previous question scored now?,00:03:48,B,"['2.', '0.', '1.', '3.']",Prior,Sequential_Question_Answering_sample_6_3,multiple
Sequential Question Answering,How much game score does the person mentioned in the first question have now?,00:04:37,B,"['4.', '3.', '2.', '1.']",Prior,Sequential_Question_Answering_sample_6_4,multiple
Sequential Question Answering,How much game score has the person mentioned in the third question scored now?,00:05:44,C,"['5.', '3.', '4.', '2.']",Prior,Sequential_Question_Answering_sample_6_5,multiple
Sequential Question Answering,How much game score has the person mentioned in the third question scored now?,00:05:44,C,"['5.', '4.', '8.', '6.']",Prior,Sequential_Question_Answering_sample_7_5,multiple
Sequential Question Answering,Who is preparing to serve the ball now?,00:06:44,B,"['Ma Long.', 'Fan Zhengdong.', 'Xu xin.', 'Ma Lin.']",Prior,Sequential_Question_Answering_sample_7_1,multiple
Sequential Question Answering,How much game score has the person mentioned in the last question scored now?,00:08:05,C,"['2.', '9.', '0.', '8.']",Prior,Sequential_Question_Answering_sample_7_2,multiple
Sequential Question Answering,How much game score has the opponent of the person mentioned in the previous question scored now?,00:09:16,B,"['2.', '6.', '1.', '3.']",Prior,Sequential_Question_Answering_sample_7_3,multiple
Sequential Question Answering,How much game score does the person mentioned in the first question have now?,00:10:44,B,"['4.', '2.', '3.', '1.']",Prior,Sequential_Question_Answering_sample_7_4,multiple
Sequential Question Answering,Who is preparing to serve the ball now?,00:00:14,A,"['Ma Long.', 'Fan Zhengdong.', 'Xu xin.', 'Ma Lin.']",Prior,Sequential_Question_Answering_sample_8_1,multiple
Sequential Question Answering,How much game score has the person mentioned in the last question scored now?,00:03:22,C,"['2.', '9.', '1.', '8.']",Prior,Sequential_Question_Answering_sample_8_2,multiple
Sequential Question Answering,How much game score has the opponent of the person mentioned in the previous question scored now?,00:03:48,B,"['2.', '3.', '1.', '0.']",Prior,Sequential_Question_Answering_sample_8_3,multiple
Sequential Question Answering,How much game score does the person mentioned in the first question have now?,00:05:25,B,"['4.', '3.', '2.', '1.']",Prior,Sequential_Question_Answering_sample_8_4,multiple
Sequential Question Answering,How much game score has the person mentioned in the third question scored now?,00:07:31,C,"['5.', '3.', '6.', '2.']",Prior,Sequential_Question_Answering_sample_8_5,multiple
Sequential Question Answering,Who is preparing to serve the ball now?,00:00:07,B,"['Ma Long.', 'Fan Z.D.', 'Xu xin.', 'Ma Lin.']",Prior,Sequential_Question_Answering_sample_9_1,multiple
Sequential Question Answering,How much game score has the person mentioned in the last question scored now?,00:03:22,C,"['2.', '10.', '11.', '8.']",Prior,Sequential_Question_Answering_sample_9_2,multiple
Sequential Question Answering,How much game score has the opponent of the person mentioned in the previous question scored now?,00:03:48,B,"['1.', '10.', '9.', '0.']",Prior,Sequential_Question_Answering_sample_9_3,multiple
Sequential Question Answering,How much game score does the person mentioned in the first question have now?,00:06:20,B,"['4.', '1.', '2.', '3.']",Prior,Sequential_Question_Answering_sample_9_4,multiple
Sequential Question Answering,How much game score has the person mentioned in the third question scored now?,00:08:01,C,"['5.', '3.', '2.', '6.']",Prior,Sequential_Question_Answering_sample_9_5,multiple
Sequential Question Answering,Who is preparing to serve the ball now?,00:00:21,A,"['Ma Long.', 'Fan Z.D.', 'Xu xin.', 'Ma Lin.']",Prior,Sequential_Question_Answering_sample_10_1,multiple
Sequential Question Answering,How much game score has the person mentioned in the last question scored now?,00:03:21,C,"['2.', '10.', '9.', '8.']",Prior,Sequential_Question_Answering_sample_10_2,multiple
Sequential Question Answering,How much game score has the opponent of the person mentioned in the previous question scored now?,00:04:01,B,"['1.', '8.', '10.', '0.']",Prior,Sequential_Question_Answering_sample_10_3,multiple
Sequential Question Answering,How much game score does the person mentioned in the first question have now?,00:05:04,B,"['4.', '9.', '8.', '3.']",Prior,Sequential_Question_Answering_sample_10_4,multiple
Sequential Question Answering,How much game score has the person mentioned in the third question scored now?,00:05:34,C,"['5.', '10.', '8.', '6.']",Prior,Sequential_Question_Answering_sample_10_5,multiple
Sequential Question Answering,Who is preparing to serve the ball now?,00:00:15,B,"['Ma Long.', 'Fan Z.D.', 'Xu xin.', 'Ma Lin.']",Prior,Sequential_Question_Answering_sample_11_1,multiple
Sequential Question Answering,How much game score has the person mentioned in the last question scored now?,00:03:26,C,"['2.', '6.', '4.', '8.']",Prior,Sequential_Question_Answering_sample_11_2,multiple
Sequential Question Answering,How much game score has the opponent of the person mentioned in the previous question scored now?,00:04:04,B,"['1.', '6.', '5.', '2.']",Prior,Sequential_Question_Answering_sample_11_3,multiple
Sequential Question Answering,How much game score does the person mentioned in the first question have now?,00:05:04,B,"['4.', '5.', '8.', '3.']",Prior,Sequential_Question_Answering_sample_11_4,multiple
Sequential Question Answering,How much game score has the person mentioned in the third question scored now?,00:06:58,C,"['5.', '7.', '10.', '6.']",Prior,Sequential_Question_Answering_sample_11_5,multiple
Sequential Question Answering,Who is preparing to serve the ball now?,00:00:16,B,"['Ma Long.', 'Fan Z.D.', 'Xu xin.', 'Ma Lin.']",Prior,Sequential_Question_Answering_sample_12_1,multiple
Sequential Question Answering,How much game score has the person mentioned in the last question scored now?,00:03:26,C,"['2.', '6.', '5.', '8.']",Prior,Sequential_Question_Answering_sample_12_2,multiple
Sequential Question Answering,How much game score has the opponent of the person mentioned in the previous question scored now?,00:04:04,B,"['1.', '2.', '5.', '6.']",Prior,Sequential_Question_Answering_sample_12_3,multiple
Sequential Question Answering,How much game score does the person mentioned in the first question have now?,00:05:04,C,"['4.', '5.', '8.', '3.']",Prior,Sequential_Question_Answering_sample_12_4,multiple
Sequential Question Answering,How much game score has the person mentioned in the third question scored now?,00:09:09,C,"['5.', '7.', '1.', '6.']",Prior,Sequential_Question_Answering_sample_12_5,multiple
Sequential Question Answering,Who is preparing to serve the ball now?,00:00:18,B,"['Ma Long.', 'Fan Z.D.', 'Xu xin.', 'Ma Lin.']",Prior,Sequential_Question_Answering_sample_13_1,multiple
Sequential Question Answering,How much game score has the person mentioned in the last question scored now?,00:03:26,C,"['2.', '6.', '4.', '8.']",Prior,Sequential_Question_Answering_sample_13_2,multiple
Sequential Question Answering,How much game score has the opponent of the person mentioned in the previous question scored now?,00:04:25,B,"['1.', '8.', '5.', '6.']",Prior,Sequential_Question_Answering_sample_13_3,multiple
Sequential Question Answering,How much game score does the person mentioned in the first question have now?,00:05:15,B,"['4.', '5.', '8.', '3.']",Prior,Sequential_Question_Answering_sample_13_4,multiple
Sequential Question Answering,How much game score has the person mentioned in the third question scored now?,00:06:35,C,"['5.', '7.', '10.', '6.']",Prior,Sequential_Question_Answering_sample_13_5,multiple
Sequential Question Answering,Who is preparing to serve the ball now?,00:00:16,A,"['A.Lebrun.', 'Fan Z.D.', 'Xu xin.', 'Ma Lin.']",Prior,Sequential_Question_Answering_sample_14_1,multiple
Sequential Question Answering,How much game score has the person mentioned in the last question scored now?,00:03:20,C,"['2.', '6.', '5.', '8.']",Prior,Sequential_Question_Answering_sample_14_2,multiple
Sequential Question Answering,How much game score has the opponent of the person mentioned in the previous question scored now?,00:04:48,B,"['1.', '7.', '5.', '9.']",Prior,Sequential_Question_Answering_sample_14_3,multiple
Sequential Question Answering,How much game score does the person mentioned in the first question have now?,00:07:15,B,"['4.', '6.', '8.', '3.']",Prior,Sequential_Question_Answering_sample_14_4,multiple
Sequential Question Answering,How much game score has the person mentioned in the third question scored now?,00:10:16,C,"['5.', '7.', '8.', '6.']",Prior,Sequential_Question_Answering_sample_14_5,multiple
Sequential Question Answering,Who is preparing to serve the ball now?,00:01:39,B,"['A.Lebrun.', 'Fan Z.D.', 'Xu xin.', 'Ma Lin.']",Prior,Sequential_Question_Answering_sample_15_1,multiple
Sequential Question Answering,How much game score has the person mentioned in the last question scored now?,00:03:21,C,"['2.', '6.', '4.', '8.']",Prior,Sequential_Question_Answering_sample_15_2,multiple
Sequential Question Answering,How much game score has the opponent of the person mentioned in the previous question scored now?,00:04:41,A,"['1.', '7.', '5.', '9.']",Prior,Sequential_Question_Answering_sample_15_3,multiple
Sequential Question Answering,How much game score does the person mentioned in the first question have now?,00:08:13,B,"['4.', '2.', '8.', '3.']",Prior,Sequential_Question_Answering_sample_15_4,multiple
Sequential Question Answering,How much game score has the person mentioned in the third question scored now?,00:10:50,A,"['5.', '7.', '8.', '6.']",Prior,Sequential_Question_Answering_sample_15_5,multiple
Sequential Question Answering,Who is preparing to serve the ball now?,00:00:47,A,"['Wang chuqin.', 'Fan Z.D.', 'Xu xin.', 'Ma Lin.']",Prior,Sequential_Question_Answering_sample_16_1,multiple
Sequential Question Answering,How much game score has the person mentioned in the last question scored now?,00:03:34,C,"['2.', '6.', '5.', '4.']",Prior,Sequential_Question_Answering_sample_16_2,multiple
Sequential Question Answering,How much game score has the opponent of the person mentioned in the previous question scored now?,00:04:41,A,"['4.', '7.', '5.', '9.']",Prior,Sequential_Question_Answering_sample_16_3,multiple
Sequential Question Answering,How much game score does the person mentioned in the first question have now?,00:08:06,B,"['4.', '10.', '8.', '3.']",Prior,Sequential_Question_Answering_sample_16_4,multiple
Sequential Question Answering,How much game score has the person mentioned in the third question scored now?,00:10:07,A,"['3.', '2.', '8.', '6.']",Prior,Sequential_Question_Answering_sample_16_5,multiple
Sequential Question Answering,Who is preparing to serve the ball now?,00:00:36,A,"['Wang chuqin.', 'Fan Z.D.', 'Xu xin.', 'Ma Lin.']",Prior,Sequential_Question_Answering_sample_17_1,multiple
Sequential Question Answering,How much game score has the person mentioned in the last question scored now?,00:03:02,C,"['2.', '6.', '7.', '4.']",Prior,Sequential_Question_Answering_sample_17_2,multiple
Sequential Question Answering,How much game score has the opponent of the person mentioned in the previous question scored now?,00:04:58,A,"['8.', '7.', '5.', '9.']",Prior,Sequential_Question_Answering_sample_17_3,multiple
Sequential Question Answering,How much game score does the person mentioned in the first question have now?,00:08:07,B,"['4.', '3.', '8.', '2.']",Prior,Sequential_Question_Answering_sample_17_4,multiple
Sequential Question Answering,How much game score has the person mentioned in the third question scored now?,00:09:57,A,"['4.', '2.', '8.', '6.']",Prior,Sequential_Question_Answering_sample_17_5,multiple
Sequential Question Answering,Who is preparing to serve the ball now?,00:00:32,A,"['Wang chuqin.', 'Fan Z.D.', 'Xu xin.', 'Ma Lin.']",Prior,Sequential_Question_Answering_sample_18_1,multiple
Sequential Question Answering,How much game score has the person mentioned in the last question scored now?,00:03:02,C,"['2.', '6.', '7.', '4.']",Prior,Sequential_Question_Answering_sample_18_2,multiple
Sequential Question Answering,How much game score has the opponent of the person mentioned in the previous question scored now?,00:05:28,A,"['1.', '2.', '5.', '9.']",Prior,Sequential_Question_Answering_sample_18_3,multiple
Sequential Question Answering,How much game score does the person mentioned in the first question have now?,00:08:07,B,"['4.', '3.', '8.', '2.']",Prior,Sequential_Question_Answering_sample_18_4,multiple
Sequential Question Answering,How much game score has the person mentioned in the third question scored now?,00:09:46,D,"['4.', '2.', '8.', '6.']",Prior,Sequential_Question_Answering_sample_18_5,multiple
Sequential Question Answering,Who is preparing to serve the ball now?,00:01:36,A,"['Wang chuqin.', 'Fan Z.D.', 'Xu xin.', 'Ma Lin.']",Prior,Sequential_Question_Answering_sample_19_1,multiple
Sequential Question Answering,How much game score has the person mentioned in the last question scored now?,00:02:55,C,"['2.', '6.', '9.', '10.']",Prior,Sequential_Question_Answering_sample_19_2,multiple
Sequential Question Answering,How much game score has the opponent of the person mentioned in the previous question scored now?,00:05:28,A,"['2.', '1.', '5.', '9.']",Prior,Sequential_Question_Answering_sample_19_3,multiple
Sequential Question Answering,How much game score does the person mentioned in the first question have now?,00:06:35,B,"['5.', '1.', '8.', '2.']",Prior,Sequential_Question_Answering_sample_19_4,multiple
Sequential Question Answering,How much game score has the person mentioned in the third question scored now?,00:07:58,D,"['4.', '2.', '8.', '7.']",Prior,Sequential_Question_Answering_sample_19_5,multiple
Sequential Question Answering,Who is preparing to serve the ball now?,00:01:15,B,"['Wang chuqin.', 'Fan Z.D.', 'Xu xin.', 'Ma Lin.']",Prior,Sequential_Question_Answering_sample_20_1,multiple
Sequential Question Answering,How much game score has the person mentioned in the last question scored now?,00:03:04,C,"['2.', '6.', '10.', '5.']",Prior,Sequential_Question_Answering_sample_20_2,multiple
Sequential Question Answering,How much game score has the opponent of the person mentioned in the previous question scored now?,00:05:28,A,"['9.', '1.', '5.', '10.']",Prior,Sequential_Question_Answering_sample_20_3,multiple
Sequential Question Answering,How much game score does the person mentioned in the first question have now?,00:06:35,B,"['5.', '10.', '11.', '2.']",Prior,Sequential_Question_Answering_sample_20_4,multiple
Sequential Question Answering,How much game score has the person mentioned in the third question scored now?,00:07:58,D,"['4.', '2.', '11.', '12.']",Prior,Sequential_Question_Answering_sample_20_5,multiple
Sequential Question Answering,What is the name of the person wearing the yellow dress?,00:00:14,B,"['A. RUBLEV.', 'B. TIAFOE.', 'C. Nadal.', 'D. Federer.']",Prior,Sequential_Question_Answering_sample_21_1,multiple
Sequential Question Answering,How much game score has the person referred to in the previous question obtained now?,00:00:26,D,"['A. 15.', 'B. 30.', 'C. 40.', 'D. AD.']",Prior,Sequential_Question_Answering_sample_21_2,multiple
Sequential Question Answering,How much game score has the opponent of the person referred to in the previous question scored now?,00:01:07,B,"['A. 15.', 'B. 30.', 'C. 40.', 'D. AD.']",Prior,Sequential_Question_Answering_sample_21_3,multiple
Sequential Question Answering,How much game score does the person referred to in the first question have now?,00:01:14,A,"['A. 15.', 'B. 30.', 'C. 40.', 'D. AD.']",Prior,Sequential_Question_Answering_sample_21_4,multiple
Sequential Question Answering,How much game score has the person referred to in the third question scored now?,00:01:42,A,"['A. 15.', 'B. 30.', 'C. 40.', 'D. AD.']",Prior,Sequential_Question_Answering_sample_21_5,multiple
Sequential Question Answering,What is the name of the person wearing the light blue dress?,00:00:44,B,"['A. COBOLLI.', 'B. KORDA.', 'C. Nadal.', 'D. Federer.']",Prior,Sequential_Question_Answering_sample_22_1,multiple
Sequential Question Answering,How much game score has the person referred to in the previous question obtained now?,00:01:03,A,"['A. 15.', 'B. 30.', 'C. 40.', 'D. AD.']",Prior,Sequential_Question_Answering_sample_22_2,multiple
Sequential Question Answering,How much game score has the opponent of the person referred to in the previous question scored now?,00:01:49,C,"['A. 15.', 'B. 30.', 'C. 40.', 'D. AD.']",Prior,Sequential_Question_Answering_sample_22_3,multiple
Sequential Question Answering,How much game score does the person referred to in the first question have now?,00:03:18,C,"['A. 15.', 'B. 30.', 'C. 40.', 'D. AD.']",Prior,Sequential_Question_Answering_sample_22_4,multiple
Sequential Question Answering,How much game score has the person referred to in the third question scored now?,00:05:14,C,"['A. 15.', 'B. 30.', 'C. 40.', 'D. AD.']",Prior,Sequential_Question_Answering_sample_22_5,multiple
Sequential Question Answering,What is the name of the person wearing the light blue dress?,00:00:17,B,"['A. Bautista agut.', 'B. Shapovalov.', 'C. Nadal.', 'D. Federer.']",Prior,Sequential_Question_Answering_sample_23_1,multiple
Sequential Question Answering,How much game score has the person referred to in the previous question obtained now?,00:00:34,D,"['A. 15.', 'B. 30.', 'C. 40.', 'D. 0.']",Prior,Sequential_Question_Answering_sample_23_2,multiple
Sequential Question Answering,How much game score has the opponent of the person referred to in the previous question scored now?,00:01:23,A,"['A. 15.', 'B. 30.', 'C. 40.', 'D. AD.']",Prior,Sequential_Question_Answering_sample_23_3,multiple
Sequential Question Answering,How much game score does the person referred to in the first question have now?,00:01:50,D,"['A. 15.', 'B. 30.', 'C. 40.', 'D. AD.']",Prior,Sequential_Question_Answering_sample_23_4,multiple
Sequential Question Answering,How much game score has the person referred to in the third question scored now?,00:02:32,B,"['A. 15.', 'B. 30.', 'C. 40.', 'D. AD.']",Prior,Sequential_Question_Answering_sample_23_5,multiple
Sequential Question Answering,What is the name of the person wearing the light blue dress?,00:00:18,B,"['A. Tiafoe.', 'B. Kovacevic.', 'C. Nadal.', 'D. Federer.']",Prior,Sequential_Question_Answering_sample_24_1,multiple
Sequential Question Answering,How much game score has the person referred to in the previous question obtained now?,00:00:30,C,"['A. 40.', 'B. 15.', 'C. 30.', 'D. 0.']",Prior,Sequential_Question_Answering_sample_24_2,multiple
Sequential Question Answering,How much game score has the opponent of the person referred to in the previous question scored now?,00:01:07,B,"['A. 15.', 'B. 30.', 'C. 40.', 'D. 0.']",Prior,Sequential_Question_Answering_sample_24_3,multiple
Sequential Question Answering,How much game score does the person referred to in the first question have now?,00:01:50,D,"['A. 15.', 'B. 30.', 'C. 40.', 'D. 0.']",Prior,Sequential_Question_Answering_sample_24_4,multiple
Sequential Question Answering,How much game score has the person referred to in the third question scored now?,00:02:28,B,"['A. 15.', 'B. 30.', 'C. 40.', 'D. AD.']",Prior,Sequential_Question_Answering_sample_24_5,multiple
Sequential Question Answering,What is the name of the person wearing a white band on their head?,00:00:18,A,"['A. Tiafoe.', 'B. Galan.', 'C. Nadal.', 'D. Federer.']",Prior,Sequential_Question_Answering_sample_25_1,multiple
Sequential Question Answering,How much game score has the person referred to in the previous question obtained now?,00:00:30,A,"['A. 15.', 'B. 30.', 'C. 40.', 'D. 0.']",Prior,Sequential_Question_Answering_sample_25_2,multiple
Sequential Question Answering,How much game score has the opponent of the person referred to in the previous question scored now?,00:01:16,B,"['A. 15.', 'B. 30.', 'C. 40.', 'D. 0.']",Prior,Sequential_Question_Answering_sample_25_3,multiple
Sequential Question Answering,How much game score does the person referred to in the first question have now?,00:01:34,A,"['A. 40.', 'B. 15.', 'C. 30.', 'D. 0.']",Prior,Sequential_Question_Answering_sample_25_4,multiple
Sequential Question Answering,How much game score has the person referred to in the third question scored now?,00:02:26,B,"['A. 15.', 'B. 30.', 'C. 40.', 'D. AD.']",Prior,Sequential_Question_Answering_sample_25_5,multiple
Sequential Question Answering,What is the name of the person wearing a red dress?,00:00:37,A,"['A. Alcaraz.', 'B. Norrie.', 'C. Nadal.', 'D. Federer.']",Prior,Sequential_Question_Answering_sample_26_1,multiple
Sequential Question Answering,How much game score has the person referred to in the previous question obtained now?,00:02:13,A,"['A. 15.', 'B. 30.', 'C. 40.', 'D. 0.']",Prior,Sequential_Question_Answering_sample_26_2,multiple
Sequential Question Answering,How much game score has the opponent of the person referred to in the previous question scored now?,00:04:08,D,"['A. 15.', 'B. 30.', 'C. 40.', 'D. AD.']",Prior,Sequential_Question_Answering_sample_26_3,multiple
Sequential Question Answering,How much game score does the person referred to in the first question have now?,00:06:35,C,"['A. 15.', 'B. 30.', 'C. 40.', 'D. 0.']",Prior,Sequential_Question_Answering_sample_26_4,multiple
Sequential Question Answering,How much game score has the person referred to in the third question scored now?,00:07:50,C,"['A. 15.', 'B. 30.', 'C. 40.', 'D. AD.']",Prior,Sequential_Question_Answering_sample_26_5,multiple
Sequential Question Answering,What is the name of the person wearing a yellow dress?,00:00:37,A,"['A. Tiafoe.', 'B. Davidovich fokina.', 'C. Nadal.', 'D. Federer.']",Prior,Sequential_Question_Answering_sample_27_1,multiple
Sequential Question Answering,How much game score has the person referred to in the previous question obtained now?,00:02:03,C,"['A. 15.', 'B. 30.', 'C. 40.', 'D. 0.']",Prior,Sequential_Question_Answering_sample_27_2,multiple
Sequential Question Answering,How much game score has the opponent of the person referred to in the previous question scored now?,00:02:21,C,"['A. 15.', 'B. 30.', 'C. 40.', 'D. AD.']",Prior,Sequential_Question_Answering_sample_27_3,multiple
Sequential Question Answering,How much game score does the person referred to in the first question have now?,00:02:55,C,"['A. 15.', 'B. 30.', 'C. 40.', 'D. 0.']",Prior,Sequential_Question_Answering_sample_27_4,multiple
Sequential Question Answering,How much game score has the person referred to in the third question scored now?,00:03:17,A,"['A. 15.', 'B. 30.', 'C. 40.', 'D. AD.']",Prior,Sequential_Question_Answering_sample_27_5,multiple
Sequential Question Answering,What is the name of the person wearing a red dress?,00:00:37,A,"['A. Rune.', 'B. Berrettini.', 'C. Nadal.', 'D. Federer.']",Prior,Sequential_Question_Answering_sample_28_1,multiple
Sequential Question Answering,How much game score has the person referred to in the previous question obtained now?,00:00:55,D,"['A. 15.', 'B. 30.', 'C. 40.', 'D. 0.']",Prior,Sequential_Question_Answering_sample_28_2,multiple
Sequential Question Answering,How much game score does the person referred to in the first question have now?,00:01:54,A,"['A. 15.', 'B. 30.', 'C. 40.', 'D. 0.']",Prior,Sequential_Question_Answering_sample_28_3,multiple
Sequential Question Answering,How much game score has the opponent of the person referred to in the previous question scored now?,00:02:08,D,"['A. 15.', 'B. 30.', 'C. 40.', 'D. 0.']",Prior,Sequential_Question_Answering_sample_28_4,multiple
Sequential Question Answering,How much game score has the person referred to in the third question scored now?,00:02:33,A,"['A. 15.', 'B. 30.', 'C. 40.', 'D. AD.']",Prior,Sequential_Question_Answering_sample_28_5,multiple
Sequential Question Answering,What is the name of the person wearing a yellow dress?,00:00:37,A,"['A. M. Andreeva.', 'B. Navarro.', 'C. Nadal.', 'D. Federer.']",Prior,Sequential_Question_Answering_sample_29_1,multiple
Sequential Question Answering,How much game score has the person referred to in the previous question obtained now?,00:01:55,B,"['A. 15.', 'B. 30.', 'C. 40.', 'D. 0.']",Prior,Sequential_Question_Answering_sample_29_2,multiple
Sequential Question Answering,How much game score does the person referred to in the first question have now?,00:03:28,D,"['A. 15.', 'B. 30.', 'C. 40.', 'D. 0.']",Prior,Sequential_Question_Answering_sample_29_3,multiple
Sequential Question Answering,How much game score has the opponent of the person referred to in the previous question scored now?,00:05:50,B,"['A. 15.', 'B. 30.', 'C. 40.', 'D. 0.']",Prior,Sequential_Question_Answering_sample_29_4,multiple
Sequential Question Answering,How much game score has the person referred to in the third question scored now?,00:08:25,A,"['A. 15.', 'B. 30.', 'C. 40.', 'D. 0.']",Prior,Sequential_Question_Answering_sample_29_5,multiple
Sequential Question Answering,What is the name of the person wearing a white dress?,00:00:37,A,"['A. Sinner.', 'B. Shelton.', 'C. Nadal.', 'D. Federer.']",Prior,Sequential_Question_Answering_sample_30_1,multiple
Sequential Question Answering,How much game score has the person referred to in the previous question obtained now?,00:02:56,C,"['A. 15.', 'B. 30.', 'C. 40.', 'D. 0.']",Prior,Sequential_Question_Answering_sample_30_2,multiple
Sequential Question Answering,How much game score does the person referred to in the first question have now?,00:04:34,B,"['A. 15.', 'B. 30.', 'C. 40.', 'D. 0.']",Prior,Sequential_Question_Answering_sample_30_3,multiple
Sequential Question Answering,How much game score has the opponent of the person referred to in the previous question scored now?,00:07:05,B,"['A. 15.', 'B. 30.', 'C. 40.', 'D. 0.']",Prior,Sequential_Question_Answering_sample_30_4,multiple
Sequential Question Answering,How much game score has the person referred to in the third question scored now?,00:09:53,C,"['A. 15.', 'B. 30.', 'C. 40.', 'D. 0.']",Prior,Sequential_Question_Answering_sample_30_5,multiple
Sequential Question Answering,Which team is currently on offense in the game?,00:00:30,D,"['A. DEN.', 'B. MIA.', 'C. BOS.', 'D. GS.']",Prior,Sequential_Question_Answering_sample_31_1,multiple
Sequential Question Answering,How many game scores has the team referred to in the previous question scored so far?,00:02:54,C,"['A. 15.', 'B. 34.', 'C. 35.', 'D. 33.']",Prior,Sequential_Question_Answering_sample_31_2,multiple
Sequential Question Answering,How many game scores has the opponent of the team referred to in the previous question scored now?,00:04:23,B,"['A. 49.', 'B. 54.', 'C. 40.', 'D. 47.']",Prior,Sequential_Question_Answering_sample_31_3,multiple
Sequential Question Answering,How many game scores does the team referred to in the first question have currently?,00:07:05,B,"['A. 85.', 'B. 86.', 'C. 88.', 'D. 87.']",Prior,Sequential_Question_Answering_sample_31_4,multiple
Sequential Question Answering,How many game scores has the team that the third question specifically refers to scored now?,00:08:56,C,"['A. 93.', 'B. 104.', 'C. 97.', 'D. 95.']",Prior,Sequential_Question_Answering_sample_31_5,multiple
Sequential Question Answering,Which team is currently on offense in the game?,00:00:41,C,"['A. DEN.', 'B. MIA.', 'C. BOS.', 'D. GS.']",Prior,Sequential_Question_Answering_sample_32_1,multiple
Sequential Question Answering,How many game scores has the team referred to in the previous question scored so far?,00:02:53,C,"['A. 15.', 'B. 34.', 'C. 22.', 'D. 30.']",Prior,Sequential_Question_Answering_sample_32_2,multiple
Sequential Question Answering,How many game scores has the opponent of the team referred to in the previous question scored now?,00:04:19,A,"['A. 49.', 'B. 33.', 'C. 40.', 'D. 47.']",Prior,Sequential_Question_Answering_sample_32_3,multiple
Sequential Question Answering,How many game scores does the team referred to in the first question have currently?,00:07:05,B,"['A. 76.', 'B. 66.', 'C. 88.', 'D. 87.']",Prior,Sequential_Question_Answering_sample_32_4,multiple
Sequential Question Answering,How many game scores has the team that the third question specifically refers to scored now?,00:08:56,C,"['A. 93.', 'B. 84.', 'C. 96.', 'D. 95.']",Prior,Sequential_Question_Answering_sample_32_5,multiple
Sequential Question Answering,Which team is currently on offense in the game?,00:00:26,A,"['A. DEN.', 'B. MIA.', 'C. BOS.', 'D. GS.']",Prior,Sequential_Question_Answering_sample_33_1,multiple
Sequential Question Answering,How many game scores has the team referred to in the previous question scored so far?,00:02:58,C,"['A. 15.', 'B. 27.', 'C. 39.', 'D. 30.']",Prior,Sequential_Question_Answering_sample_33_2,multiple
Sequential Question Answering,How many game scores has the opponent of the team referred to in the previous question scored now?,00:04:15,C,"['A. 49.', 'B. 54.', 'C. 40.', 'D. 47.']",Prior,Sequential_Question_Answering_sample_33_3,multiple
Sequential Question Answering,How many game scores does the team referred to in the first question have currently?,00:07:02,B,"['A. 76.', 'B. 90.', 'C. 88.', 'D. 87.']",Prior,Sequential_Question_Answering_sample_33_4,multiple
Sequential Question Answering,How many game scores has the team that the third question specifically refers to scored now?,00:07:42,C,"['A. 93.', 'B. 96.', 'C. 82.', 'D. 95.']",Prior,Sequential_Question_Answering_sample_33_5,multiple
Sequential Question Answering,Which team is currently on offense in the game?,00:00:26,A,"['A. DEN.', 'B. MIA.', 'C. BOS.', 'D. GS.']",Prior,Sequential_Question_Answering_sample_34_1,multiple
Sequential Question Answering,How many game scores has the team referred to in the previous question scored so far?,00:02:53,A,"['A. 39.', 'B. 15.', 'C. 32.', 'D. 30.']",Prior,Sequential_Question_Answering_sample_34_2,multiple
Sequential Question Answering,How many game scores has the opponent of the team referred to in the previous question scored now?,00:04:10,D,"['A. 54.', 'B. 49.', 'C. 57.', 'D. 47.']",Prior,Sequential_Question_Answering_sample_34_3,multiple
Sequential Question Answering,How many game scores does the team referred to in the first question have currently?,00:06:56,D,"['A. 76.', 'B. 92.', 'C. 88.', 'D. 87.']",Prior,Sequential_Question_Answering_sample_34_4,multiple
Sequential Question Answering,How many game scores has the team that the third question specifically refers to scored now?,00:08:05,A,"['A. 107.', 'B. 93.', 'C. 96.', 'D. 95.']",Prior,Sequential_Question_Answering_sample_34_5,multiple
Sequential Question Answering,Which team is currently on offense in the game?,00:00:28,B,"['A. DEN.', 'B. MIA.', 'C. BOS.', 'D. GS.']",Prior,Sequential_Question_Answering_sample_35_1,multiple
Sequential Question Answering,How many game scores has the team referred to in the previous question scored so far?,00:02:53,A,"['A. 29.', 'B. 31.', 'C. 15.', 'D. 30.']",Prior,Sequential_Question_Answering_sample_35_2,multiple
Sequential Question Answering,How many game scores has the opponent of the team referred to in the previous question scored now?,00:04:09,D,"['A. 49.', 'B. 57.', 'C. 44.', 'D. 47.']",Prior,Sequential_Question_Answering_sample_35_3,multiple
Sequential Question Answering,How many game scores does the team referred to in the first question have currently?,00:06:53,D,"['A. 76.', 'B. 92.', 'C. 88.', 'D. 72.']",Prior,Sequential_Question_Answering_sample_35_4,multiple
Sequential Question Answering,How many game scores has the team that the third question specifically refers to scored now?,00:08:09,A,"['A. 101.', 'B. 96.', 'C. 93.', 'D. 84.']",Prior,Sequential_Question_Answering_sample_35_5,multiple
Sequential Question Answering,Which team is currently on offense in the game?,00:00:38,B,"['A. DEN.', 'B. MIA.', 'C. BOS.', 'D. GS.']",Prior,Sequential_Question_Answering_sample_36_1,multiple
Sequential Question Answering,How many game scores has the team referred to in the previous question scored so far?,00:02:58,C,"['A. 15.', 'B. 31.', 'C. 32.', 'D. 36.']",Prior,Sequential_Question_Answering_sample_36_2,multiple
Sequential Question Answering,How many game scores has the opponent of the team referred to in the previous question scored now?,00:04:09,D,"['A. 49.', 'B. 57.', 'C. 47.', 'D. 55.']",Prior,Sequential_Question_Answering_sample_36_3,multiple
Sequential Question Answering,How many game scores does the team referred to in the first question have currently?,00:06:53,D,"['A. 76.', 'B. 92.', 'C. 86.', 'D. 81.']",Prior,Sequential_Question_Answering_sample_36_4,multiple
Sequential Question Answering,How many game scores has the team that the third question specifically refers to scored now?,00:08:14,C,"['A. 93.', 'B. 91.', 'C. 105.', 'D. 84.']",Prior,Sequential_Question_Answering_sample_36_5,multiple
Sequential Question Answering,Which team is currently on offense in the game?,00:00:36,A,"['A. BOS.', 'B. MIA.', 'C. DEN.', 'D. MIN.']",Prior,Sequential_Question_Answering_sample_37_1,multiple
Sequential Question Answering,How many game scores has the team referred to in the previous question scored so far?,00:02:58,A,"['A. 21.', 'B. 31.', 'C. 15.', 'D. 38.']",Prior,Sequential_Question_Answering_sample_37_2,multiple
Sequential Question Answering,How many game scores has the opponent of the team referred to in the previous question scored now?,00:04:08,A,"['A. 47.', 'B. 57.', 'C. 49.', 'D. 39.']",Prior,Sequential_Question_Answering_sample_37_3,multiple
Sequential Question Answering,How many game scores does the team referred to in the first question have currently?,00:06:53,D,"['A. 76.', 'B. 92.', 'C. 81.', 'D. 66.']",Prior,Sequential_Question_Answering_sample_37_4,multiple
Sequential Question Answering,How many game scores has the team that the third question specifically refers to scored now?,00:08:09,A,"['A. 97.', 'B. 91.', 'C. 93.', 'D. 77.']",Prior,Sequential_Question_Answering_sample_37_5,multiple
Sequential Question Answering,Which team is currently on offense in the game?,00:00:17,A,"['A. MIN.', 'B. DEN.', 'C. MIA.', 'D. DEN.']",Prior,Sequential_Question_Answering_sample_38_1,multiple
Sequential Question Answering,How many game scores has the team referred to in the previous question scored so far?,00:03:36,A,"['A. 39.', 'B. 31.', 'C. 15.', 'D. 43.']",Prior,Sequential_Question_Answering_sample_38_2,multiple
Sequential Question Answering,How many game scores has the opponent of the team referred to in the previous question scored now?,00:04:06,A,"['A. 48.', 'B. 57.', 'C. 49.', 'D. 44.']",Prior,Sequential_Question_Answering_sample_38_3,multiple
Sequential Question Answering,How many game scores does the team referred to in the first question have currently?,00:06:53,D,"['A. 76.', 'B. 92.', 'C. 86.', 'D. 74.']",Prior,Sequential_Question_Answering_sample_38_4,multiple
Sequential Question Answering,How many game scores has the team that the third question specifically refers to scored now?,00:08:09,A,"['A. 101.', 'B. 91.', 'C. 93.', 'D. 84.']",Prior,Sequential_Question_Answering_sample_38_5,multiple
Sequential Question Answering,Which team is currently on offense in the game?,00:00:30,A,"['A. DEN.', 'B. MIN.', 'C. BOS.', 'D. GS.']",Prior,Sequential_Question_Answering_sample_39_1,multiple
Sequential Question Answering,How many game scores has the team referred to in the previous question scored so far?,00:02:37,C,"['A. 15.', 'B. 31.', 'C. 24.', 'D. 41.']",Prior,Sequential_Question_Answering_sample_39_2,multiple
Sequential Question Answering,How many game scores has the opponent of the team referred to in the previous question scored now?,00:04:09,D,"['A. 49.', 'B. 57.', 'C. 42.', 'D. 61.']",Prior,Sequential_Question_Answering_sample_39_3,multiple
Sequential Question Answering,How many game scores does the team referred to in the first question have currently?,00:06:13,D,"['A. 76.', 'B. 92.', 'C. 83.', 'D. 57.']",Prior,Sequential_Question_Answering_sample_39_4,multiple
Sequential Question Answering,How many game scores has the team that the third question specifically refers to scored now?,00:08:14,C,"['A. 93.', 'B. 63.', 'C. 107.', 'D. 84.']",Prior,Sequential_Question_Answering_sample_39_5,multiple
Sequential Question Answering,Which team is currently on offense in the game?,00:00:15,C,"['A. DEN.', 'B. MIA.', 'C. LAL.', 'D. GS.']",Prior,Sequential_Question_Answering_sample_40_1,multiple
Sequential Question Answering,How many game scores has the team referred to in the previous question scored so far?,00:03:20,C,"['A. 15.', 'B. 31.', 'C. 47.', 'D. 41.']",Prior,Sequential_Question_Answering_sample_40_2,multiple
Sequential Question Answering,How many game scores has the opponent of the team referred to in the previous question scored now?,00:04:07,C,"['A. 49.', 'B. 57.', 'C. 55.', 'D. 64.']",Prior,Sequential_Question_Answering_sample_40_3,multiple
Sequential Question Answering,How many game scores does the team referred to in the first question have currently?,00:07:04,D,"['A. 76.', 'B. 92.', 'C. 100.', 'D. 103.']",Prior,Sequential_Question_Answering_sample_40_4,multiple
Sequential Question Answering,How many game scores has the team that the third question specifically refers to scored now?,00:08:10,C,"['A. 93.', 'B. 91.', 'C. 116.', 'D. 115.']",Prior,Sequential_Question_Answering_sample_40_5,multiple
Sequential Question Answering,Which team is currently on offense in the game?,00:00:16,D,"['A. DEN.', 'B. MIA.', 'C. SAS.', 'D. GS.']",Prior,Sequential_Question_Answering_sample_41_1,multiple
Sequential Question Answering,How many game scores has the team referred to in the previous question scored so far?,00:02:26,D,"['A. 15.', 'B. 30.', 'C. 41.', 'D. 19.']",Prior,Sequential_Question_Answering_sample_41_2,multiple
Sequential Question Answering,How many game scores has the opponent of the team referred to in the previous question scored now?,00:04:06,B,"['A. 49.', 'B. 53.', 'C. 57.', 'D. 64.']",Prior,Sequential_Question_Answering_sample_41_3,multiple
Sequential Question Answering,How many game scores does the team referred to in the first question have currently?,00:07:04,D,"['A. 76.', 'B. 92.', 'C. 95.', 'D. 89.']",Prior,Sequential_Question_Answering_sample_41_4,multiple
Sequential Question Answering,How many game scores has the team that the third question specifically refers to scored now?,00:08:06,A,"['A. 107.', 'B. 93.', 'B. 91.', 'D. 99.']",Prior,Sequential_Question_Answering_sample_41_5,multiple
Sequential Question Answering,Which team is currently on offense in the game?,00:00:43,A,"['A. LAL.', 'B. MIN.', 'C. BOS.', 'D. GSW.']",Prior,Sequential_Question_Answering_sample_42_1,multiple
Sequential Question Answering,How many game scores has the team referred to in the previous question scored so far?,00:02:33,D,"['A. 15.', 'B. 31.', 'C. 35.', 'D. 38.']",Prior,Sequential_Question_Answering_sample_42_2,multiple
Sequential Question Answering,How many game scores has the opponent of the team referred to in the previous question scored now?,00:04:34,D,"['A. 49.', 'B. 57.', 'C. 67.', 'D. 68.']",Prior,Sequential_Question_Answering_sample_42_3,multiple
Sequential Question Answering,How many game scores does the team referred to in the first question have currently?,00:06:13,D,"['A. 76.', 'B. 92.', 'C. 80.', 'D. 86.']",Prior,Sequential_Question_Answering_sample_42_4,multiple
Sequential Question Answering,How many game scores has the team that the third question specifically refers to scored now?,00:08:09,D,"['A. 93.', 'B. 63.', 'C. 112.', 'D. 104.']",Prior,Sequential_Question_Answering_sample_42_5,multiple
Sequential Question Answering,Which team is currently on offense in the game?,00:00:34,D,"['A. DEN.', 'B. MIA.', 'C. SAS.', 'D. LAL.']",Prior,Sequential_Question_Answering_sample_43_1,multiple
Sequential Question Answering,How many game scores has the team referred to in the previous question scored so far?,00:02:26,D,"['A. 15.', 'B. 30.', 'C. 38.', 'D. 27.']",Prior,Sequential_Question_Answering_sample_43_2,multiple
Sequential Question Answering,How many game scores has the opponent of the team referred to in the previous question scored now?,00:04:06,D,"['A. 49.', 'B. 57.', 'C. 52.', 'D. 67.']",Prior,Sequential_Question_Answering_sample_43_3,multiple
Sequential Question Answering,How many game scores does the team referred to in the first question have currently?,00:07:03,D,"['A. 76.', 'B. 92.', 'C. 106.', 'D. 95.']",Prior,Sequential_Question_Answering_sample_43_4,multiple
Sequential Question Answering,How many game scores has the team that the third question specifically refers to scored now?,00:08:05,D,"['A. 93.', 'B. 91.', 'C. 107.', 'D. 118.']",Prior,Sequential_Question_Answering_sample_43_5,multiple
Sequential Question Answering,Which team is currently on offense in the game?,00:00:23,A,"['A. GS.', 'B. MIN.', 'C. BOS.', 'D. LAL.']",Prior,Sequential_Question_Answering_sample_44_1,multiple
Sequential Question Answering,How many game scores has the team referred to in the previous question scored so far?,00:02:32,D,"['A. 15.', 'B. 31.', 'C. 29.', 'D. 34.']",Prior,Sequential_Question_Answering_sample_44_2,multiple
Sequential Question Answering,How many game scores has the opponent of the team referred to in the previous question scored now?,00:04:25,D,"['A. 49.', 'B. 57.', 'C. 55.', 'D. 71.']",Prior,Sequential_Question_Answering_sample_44_3,multiple
Sequential Question Answering,How many game scores does the team referred to in the first question have currently?,00:06:12,D,"['A. 76.', 'B. 92.', 'C. 95.', 'D. 70.']",Prior,Sequential_Question_Answering_sample_44_4,multiple
Sequential Question Answering,How many game scores has the team that the third question specifically refers to scored now?,00:08:01,D,"['A. 93.', 'B. 63.', 'C. 89.', 'D. 121.']",Prior,Sequential_Question_Answering_sample_44_5,multiple
Sequential Question Answering,Which team is currently on offense in the game?,00:00:21,A,"['A. DEN.', 'B. MIN.', 'C. BOS.', 'D. LAL.']",Prior,Sequential_Question_Answering_sample_45_1,multiple
Sequential Question Answering,How many game scores has the team referred to in the previous question scored so far?,00:02:33,D,"['A. 15.', 'B. 31.', 'C. 32.', 'D. 39.']",Prior,Sequential_Question_Answering_sample_45_2,multiple
Sequential Question Answering,How many game scores has the opponent of the team referred to in the previous question scored now?,00:04:25,D,"['A. 49.', 'B. 63.', 'C. 55.', 'D. 57.']",Prior,Sequential_Question_Answering_sample_45_3,multiple
Sequential Question Answering,How many game scores does the team referred to in the first question have currently?,00:06:11,D,"['A. 76.', 'B. 92.', 'C. 74.', 'D. 81.']",Prior,Sequential_Question_Answering_sample_45_4,multiple
Sequential Question Answering,How many game scores has the team that the third question specifically refers to scored now?,00:08:02,D,"['A. 93.', 'B. 63.', 'C. 106.', 'D. 94.']",Prior,Sequential_Question_Answering_sample_45_5,multiple
Sequential Question Answering,Which team is currently on offense in the game?,00:00:30,A,"['A. DEN.', 'B. MIN.', 'C. BOS.', 'D. LAL.']",Prior,Sequential_Question_Answering_sample_46_1,multiple
Sequential Question Answering,How many game scores has the team referred to in the previous question scored so far?,00:02:33,D,"['A. 15.', 'B. 31.', 'C. 36.', 'D. 33.']",Prior,Sequential_Question_Answering_sample_46_2,multiple
Sequential Question Answering,How many game scores has the opponent of the team referred to in the previous question scored now?,00:04:25,D,"['A. 49.', 'B. 63.', 'C. 56.', 'D. 68.']",Prior,Sequential_Question_Answering_sample_46_3,multiple
Sequential Question Answering,How many game scores does the team referred to in the first question have currently?,00:06:09,D,"['A. 76.', 'B. 92.', 'C. 85.', 'D. 86.']",Prior,Sequential_Question_Answering_sample_46_4,multiple
Sequential Question Answering,How many game scores has the team that the third question specifically refers to scored now?,00:08:02,D,"['A. 93.', 'B. 63.', 'C. 105.', 'D. 102.']",Prior,Sequential_Question_Answering_sample_46_5,multiple
Sequential Question Answering,Which team is currently on offense in the game?,00:00:25,A,"['A. LAC.', 'B. MIN.', 'C. BOS.', 'D. LAL.']",Prior,Sequential_Question_Answering_sample_47_1,multiple
Sequential Question Answering,How many game scores has the team referred to in the previous question scored so far?,00:02:33,D,"['A. 15.', 'B. 31.', 'C. 28.', 'D. 39.']",Prior,Sequential_Question_Answering_sample_47_2,multiple
Sequential Question Answering,How many game scores has the opponent of the team referred to in the previous question scored now?,00:04:25,D,"['A. 49.', 'B. 63.', 'C. 70.', 'D. 56.']",Prior,Sequential_Question_Answering_sample_47_3,multiple
Sequential Question Answering,How many game scores does the team referred to in the first question have currently?,00:06:09,D,"['A. 76.', 'B. 92.', 'C. 88.', 'D. 85.']",Prior,Sequential_Question_Answering_sample_47_4,multiple
Sequential Question Answering,How many game scores has the team that the third question specifically refers to scored now?,00:08:04,D,"['A. 93.', 'B. 63.', 'C. 114.', 'D. 115.']",Prior,Sequential_Question_Answering_sample_47_5,multiple
Sequential Question Answering,Which team is currently on offense in the game?,00:00:31,A,"['A. GS.', 'B. MIN.', 'C. SAC.', 'D. LAL.']",Prior,Sequential_Question_Answering_sample_48_1,multiple
Sequential Question Answering,How many game scores has the team referred to in the previous question scored so far?,00:02:32,D,"['A. 15.', 'B. 35.', 'C. 29.', 'D. 34.']",Prior,Sequential_Question_Answering_sample_48_2,multiple
Sequential Question Answering,How many game scores has the opponent of the team referred to in the previous question scored now?,00:04:19,D,"['A. 49.', 'B. 57.', 'C. 64.', 'D. 62.']",Prior,Sequential_Question_Answering_sample_48_3,multiple
Sequential Question Answering,How many game scores does the team referred to in the first question have currently?,00:06:08,D,"['A. 76.', 'B. 92.', 'C. 81.', 'D. 91.']",Prior,Sequential_Question_Answering_sample_48_4,multiple
Sequential Question Answering,How many game scores has the team that the third question specifically refers to scored now?,00:07:50,D,"['A. 93.', 'B. 63.', 'C. 113.', 'D. 91.']",Prior,Sequential_Question_Answering_sample_48_5,multiple
Sequential Question Answering,Which team is currently on offense in the game?,00:00:25,D,"['A. PHX.', 'B. MIN.', 'C. BOS.', 'D. LAL.']",Prior,Sequential_Question_Answering_sample_49_1,multiple
Sequential Question Answering,How many game scores has the team referred to in the previous question scored so far?,00:02:42,D,"['A. 15.', 'B. 30.', 'C. 28.', 'D. 24.']",Prior,Sequential_Question_Answering_sample_49_2,multiple
Sequential Question Answering,How many game scores has the opponent of the team referred to in the previous question scored now?,00:04:27,D,"['A. 49.', 'B. 63.', 'C. 45.', 'D. 50.']",Prior,Sequential_Question_Answering_sample_49_3,multiple
Sequential Question Answering,How many game scores does the team referred to in the first question have currently?,00:06:12,D,"['A. 76.', 'B. 92.', 'C. 73.', 'D. 66.']",Prior,Sequential_Question_Answering_sample_49_4,multiple
Sequential Question Answering,How many game scores has the team that the third question specifically refers to scored now?,00:08:04,A,"['A. 91.', 'B. 63.', 'C. 93.', 'D. 89.']",Prior,Sequential_Question_Answering_sample_49_5,multiple
Sequential Question Answering,Which team is currently on offense in the game?,00:00:31,A,"['A. United States.', 'B. Germany.', 'C. Spain.', 'D. France.']",Prior,Sequential_Question_Answering_sample_50_1,multiple
Sequential Question Answering,How many game scores has the team referred to in the previous question scored so far?,00:03:09,D,"['A. 15.', 'B. 35.', 'C. 19.', 'D. 21.']",Prior,Sequential_Question_Answering_sample_50_2,multiple
Sequential Question Answering,How many game scores has the opponent of the team referred to in the previous question scored now?,00:04:19,D,"['A. 26.', 'B. 27.', 'C. 28.', 'D. 29.']",Prior,Sequential_Question_Answering_sample_50_3,multiple
Sequential Question Answering,How many game scores does the team referred to in the first question have currently?,00:06:08,D,"['A. 47.', 'B. 50.', 'C. 54.', 'D. 46.']",Prior,Sequential_Question_Answering_sample_50_4,multiple
Sequential Question Answering,How many game scores has the team that the third question specifically refers to scored now?,00:07:50,D,"['A. 93.', 'B. 63.', 'C. 55.', 'D. 69.']",Prior,Sequential_Question_Answering_sample_50_5,multiple